{
  "text": "\u001d014565754456757021\"!;",
  "rawBytes": {
    "0": 232,
    "1": 131,
    "2": 175,
    "3": 195,
    "4": 205,
    "5": 174,
    "6": 186,
    "7": 205,
    "8": 200,
    "9": 151,
    "10": 35,
    "11": 34,
    "12": 60,
    "13": 129,
    "14": 87,
    "15": 237,
    "16": 133,
    "17": 28
  },
  "numBits": 144,
  "resultPoints": [
    {
      "x": 47.303952844038726,
      "y": 358.84982283399376
    },
    {
      "x": 58.67348470632388,
      "y": 636.1356727340964
    },
    {
      "x": 331.3042619186913,
      "y": 635.1757862086474
    },
    {
      "x": 341.07124170741673,
      "y": 358.7798946938505
    }
  ],
  "format": 5,
  "timestamp": 1643288229129,
  "resultMetadata": null,
  "filter": {
    "name": "default",
    "width": 474,
    "height": 1080
  }
}