{
  "text": "\u001d01123456789012311131121110Copyright\u001d21www.vesdo.com",
  "rawBytes": {
    "0": 232,
    "1": 131,
    "2": 142,
    "3": 164,
    "4": 186,
    "5": 208,
    "6": 220,
    "7": 142,
    "8": 161,
    "9": 141,
    "10": 161,
    "11": 142,
    "12": 141,
    "13": 140,
    "14": 239,
    "15": 13,
    "16": 21,
    "17": 187,
    "18": 80,
    "19": 140,
    "20": 182,
    "21": 206,
    "22": 132,
    "23": 38,
    "24": 109,
    "25": 230,
    "26": 162,
    "27": 86,
    "28": 203,
    "29": 202,
    "30": 197,
    "31": 8,
    "32": 89,
    "33": 254,
    "34": 112,
    "35": 110
  },
  "numBits": 288,
  "resultPoints": [
    {
      "x": 202.16513303878253,
      "y": 544.9291428571429
    },
    {
      "x": 314.83524791359844,
      "y": 544.9238095238095
    },
    {
      "x": 315.7961865488463,
      "y": 434.0819086892489
    },
    {
      "x": 201.24343249877268,
      "y": 434.6251389297987
    }
  ],
  "format": 5,
  "timestamp": 1643288028379,
  "resultMetadata": null,
  "filter": {
    "name": "invertedSymbols",
    "width": 474,
    "height": 1080
  }
}