{
  "text": "\u001d010529093102561510QS6976\u001d17220128",
  "rawBytes": {
    "0": 232,
    "1": 131,
    "2": 135,
    "3": 159,
    "4": 139,
    "5": 161,
    "6": 132,
    "7": 186,
    "8": 145,
    "9": 140,
    "10": 82,
    "11": 84,
    "12": 199,
    "13": 206,
    "14": 232,
    "15": 147,
    "16": 152,
    "17": 131,
    "18": 158,
    "19": 129,
    "20": 223,
    "21": 118
  },
  "numBits": 176,
  "resultPoints": [
    {
      "x": 132.81401262644496,
      "y": 382.78697887838024
    },
    {
      "x": 133.70385611949396,
      "y": 598.4040542600213
    },
    {
      "x": 348.3564684459205,
      "y": 606.2001058888649
    },
    {
      "x": 354.07303122919325,
      "y": 390.0825451832599
    }
  ],
  "format": 5,
  "timestamp": 1643288587749,
  "resultMetadata": null,
  "filter": {
    "name": "default",
    "width": 474,
    "height": 1080
  }
}