{
  "text": "\u001d01041500771333572110434732158276\u001d10SATU6\u001d17221231",
  "rawBytes": {
    "0": 232,
    "1": 131,
    "2": 134,
    "3": 145,
    "4": 130,
    "5": 207,
    "6": 143,
    "7": 163,
    "8": 187,
    "9": 151,
    "10": 140,
    "11": 173,
    "12": 177,
    "13": 162,
    "14": 145,
    "15": 212,
    "16": 206,
    "17": 232,
    "18": 140,
    "19": 84,
    "20": 66,
    "21": 85,
    "22": 86,
    "23": 55,
    "24": 232,
    "25": 147,
    "26": 152,
    "27": 142,
    "28": 161,
    "29": 129,
    "30": 195,
    "31": 90,
    "32": 240,
    "33": 136,
    "34": 31,
    "35": 181
  },
  "numBits": 288,
  "resultPoints": [
    {
      "x": 88.7595595336565,
      "y": 398.42562394007587
    },
    {
      "x": 94.58826655330003,
      "y": 631.6026145180147
    },
    {
      "x": 346.3376508153618,
      "y": 634.5074882050951
    },
    {
      "x": 345.0536535324643,
      "y": 398.2034037715971
    }
  ],
  "format": 5,
  "timestamp": 1643288724923,
  "resultMetadata": null,
  "filter": {
    "name": "invertedSymbols",
    "width": 474,
    "height": 1080
  }
}