{
  "text": "\u001d01076134210177812191086184977250\u001d10SAVC8\u001d17220430",
  "rawBytes": {
    "0": 232,
    "1": 131,
    "2": 137,
    "3": 191,
    "4": 164,
    "5": 151,
    "6": 131,
    "7": 207,
    "8": 211,
    "9": 151,
    "10": 221,
    "11": 138,
    "12": 191,
    "13": 214,
    "14": 227,
    "15": 202,
    "16": 180,
    "17": 232,
    "18": 140,
    "19": 84,
    "20": 66,
    "21": 87,
    "22": 68,
    "23": 57,
    "24": 232,
    "25": 147,
    "26": 152,
    "27": 134,
    "28": 160,
    "29": 129,
    "30": 195,
    "31": 90,
    "32": 240,
    "33": 136,
    "34": 31,
    "35": 181
  },
  "numBits": 288,
  "resultPoints": [
    {
      "x": 124.45305373670908,
      "y": 416.40356827644206
    },
    {
      "x": 125.40216813689021,
      "y": 633.961738760761
    },
    {
      "x": 354.6075912516693,
      "y": 655.4207396248735
    },
    {
      "x": 356.4937086138618,
      "y": 429.64873594661907
    }
  ],
  "format": 5,
  "timestamp": 1643288879399,
  "resultMetadata": null,
  "filter": {
    "name": "invertedSymbols",
    "width": 474,
    "height": 1080
  }
}