{
  "text": "\u001d01123456789012311131121110Copyright\u001d21www.vesdo.com",
  "rawBytes": {
    "0": 232,
    "1": 131,
    "2": 142,
    "3": 164,
    "4": 186,
    "5": 208,
    "6": 220,
    "7": 142,
    "8": 161,
    "9": 141,
    "10": 161,
    "11": 142,
    "12": 141,
    "13": 140,
    "14": 239,
    "15": 13,
    "16": 21,
    "17": 187,
    "18": 80,
    "19": 140,
    "20": 182,
    "21": 206,
    "22": 132,
    "23": 38,
    "24": 109,
    "25": 230,
    "26": 162,
    "27": 86,
    "28": 203,
    "29": 202,
    "30": 197,
    "31": 8,
    "32": 89,
    "33": 254,
    "34": 112,
    "35": 110
  },
  "numBits": 288,
  "resultPoints": [
    {
      "x": 204.2667288950912,
      "y": 582.7921509008489
    },
    {
      "x": 323.7861621851419,
      "y": 585.7322776065469
    },
    {
      "x": 326.71543434362104,
      "y": 468.20517358495795
    },
    {
      "x": 206.36210935875457,
      "y": 465.1399631250376
    }
  ],
  "format": 5,
  "timestamp": 1643288194537,
  "resultMetadata": null,
  "filter": {
    "name": "invertedSymbols",
    "width": 474,
    "height": 1080
  }
}