{
  "text": "\u001d01041500771333572110434732158276\u001d10SATU6\u001d17221231",
  "rawBytes": {
    "0": 232,
    "1": 131,
    "2": 134,
    "3": 145,
    "4": 130,
    "5": 207,
    "6": 143,
    "7": 163,
    "8": 187,
    "9": 151,
    "10": 140,
    "11": 173,
    "12": 177,
    "13": 162,
    "14": 145,
    "15": 212,
    "16": 206,
    "17": 232,
    "18": 140,
    "19": 84,
    "20": 66,
    "21": 85,
    "22": 86,
    "23": 55,
    "24": 232,
    "25": 147,
    "26": 152,
    "27": 142,
    "28": 161,
    "29": 129,
    "30": 195,
    "31": 90,
    "32": 240,
    "33": 136,
    "34": 31,
    "35": 181
  },
  "numBits": 288,
  "resultPoints": [
    {
      "x": 132.20452203486948,
      "y": 450.0554972805871
    },
    {
      "x": 135.1240301838665,
      "y": 645.0211499628016
    },
    {
      "x": 339.8338270018992,
      "y": 649.8918842736141
    },
    {
      "x": 338.70718599675615,
      "y": 452.4662510916929
    }
  ],
  "format": 5,
  "timestamp": 1643288643049,
  "resultMetadata": null,
  "filter": {
    "name": "invertedSymbols",
    "width": 474,
    "height": 1080
  }
}