{
  "text": "\u001d01123456789012311131121110Copyright\u001d21www.vesdo.com",
  "rawBytes": {
    "0": 232,
    "1": 131,
    "2": 142,
    "3": 164,
    "4": 186,
    "5": 208,
    "6": 220,
    "7": 142,
    "8": 161,
    "9": 141,
    "10": 161,
    "11": 142,
    "12": 141,
    "13": 140,
    "14": 239,
    "15": 13,
    "16": 21,
    "17": 187,
    "18": 80,
    "19": 140,
    "20": 182,
    "21": 206,
    "22": 132,
    "23": 38,
    "24": 109,
    "25": 230,
    "26": 162,
    "27": 86,
    "28": 203,
    "29": 202,
    "30": 197,
    "31": 8,
    "32": 89,
    "33": 254,
    "34": 112,
    "35": 110
  },
  "numBits": 288,
  "resultPoints": [
    {
      "x": 173.14318390809908,
      "y": 547.8279861557158
    },
    {
      "x": 282.8675735997449,
      "y": 546.8761823785737
    },
    {
      "x": 283.83719565448433,
      "y": 439.1167198842921
    },
    {
      "x": 173.1955250985412,
      "y": 437.4834594075053
    }
  ],
  "format": 5,
  "timestamp": 1643287994147,
  "resultMetadata": null,
  "filter": {
    "name": "invertedSymbols",
    "width": 474,
    "height": 1080
  }
}